Workbook

Sheet Problema

Sheet Base Original
B2: Tabela 1: Identificação dos tratamentos pelas combinações dos níveis dos fatores
B4: Tratamento | C4: Combinação dos fatores
B5: 01 | C5: AAA | E5: 1º fator: solado (A = quatro fixadores, B = seis fixadores e C = oito fixadores)
B6: 02 | C6: BAA | E6: 2ª fator: firmeza (A = macio, B = rígido)
B7: 03 | C7: CAA | E7: 3º fator: cadarço (A = com cadarço, B = sem cadarço)
B8: 04 | C8: ABA
B9: 05 | C9: BBA
B10: 06 | C10: CBA
B11: 07 | C11: ABB
B12: 08 | C12: BBB
B13: 09 | C13: CBB
B14: 10 | C14: AAB
B15: 11 | C15: BAB
B16: 12 | C16: CAB
B20: Tabela 2: valores das respostas (tempo dos corredores em 200 m)
C22: HORÁRIO
C23: 1 | D23: 2 | E23: 3 | F23: 4 | G23: 5 | H23: 6 | I23: 7 | J23: 8 | K23: 9 | L23: 10 | M23: 11 | N23: 12
A24: PISTA | B24: 1 | C24: 22.67 | D24: 23.73 | E24: 24.48 | F24: 25.68 | G24: 23.21 | H24: 25.96 | I24: 25.94 | J24: 25.96 | K24: 24.84 | L24: 24.56 | M24: 25.27 | N24: 23.61
C25: 22.97 | D25: 23.56 | E25: 25.57 | F25: 23.77 | G25: 23.37 | H25: 24.9 | I25: 23.41 | J25: 24.55 | K25: 24.33 | L25: 24.52 | M25: 26.13 | N25: 25.29
B26: 2 | C26: 25.43 | D26: 25.3 | E26: 23.42 | F26: 25.49 | G26: 23.56 | H26: 24.07 | I26: 25.63 | J26: 24.36 | K26: 24.55 | L26: 24.04 | M26: 24.08 | N26: 24.18
C27: 23.46 | D27: 23.7 | E27: 24.14 | F27: 24.18 | G27: 24.04 | H27: 24.84 | I27: 26.07 | J27: 24.68 | K27: 25.64 | L27: 25.57 | M27: 25.79 | N27: 24.24
B28: =B26+1 -> 3 | C28: 23.99 | D28: 23.39 | E28: 24.71 | F28: 23.47 | G28: 23.77 | H28: 24.18 | I28: 24.04 | J28: 23.8 | K28: 24.4 | L28: 25.51 | M28: 24.14 | N28: 24.12
C29: 23.98 | D29: 24.28 | E29: 26.14 | F29: 24.08 | G29: 22.77 | H29: 23.58 | I29: 25.28 | J29: 23.34 | K29: 23.55 | L29: 25.01 | M29: 25.05 | N29: 24.06
B30: =B28+1 -> 4 | C30: 23.67 | D30: 23.43 | E30: 22.85 | F30: 24 | G30: 23.31 | H30: 25.24 | I30: 23.56 | J30: 24.92 | K30: 26.51 | L30: 24.5 | M30: 25.94 | N30: 24.08
C31: 24.59 | D31: 24.04 | E31: 23.42 | F31: 23.33 | G31: 24.37 | H31: 24.16 | I31: 23.61 | J31: 23.4 | K31: 25.25 | L31: 24.71 | M31: 24.58 | N31: 25.75
B32: =B30+1 -> 5 | C32: 24.57 | D32: 24.55 | E32: 25.24 | F32: 24.64 | G32: 23.42 | H32: 24.15 | I32: 23.43 | J32: 23.98 | K32: 25.54 | L32: 25.23 | M32: 23.44 | N32: 26.54
C33: 24.37 | D33: 23.38 | E33: 23.88 | F33: 25.73 | G33: 24.94 | H33: 23.64 | I33: 24.64 | J33: 23.47 | K33: 23 | L33: 25.19 | M33: 25.01 | N33: 25.81
B34: =B32+1 -> 6 | C34: 23.27 | D34: 24.53 | E34: 25.47 | F34: 23.69 | G34: 24.97 | H34: 24.5 | I34: 22.93 | J34: 24.39 | K34: 25.69 | L34: 25.7 | M34: 23.43 | N34: 26.28
C35: 22.81 | D35: 25.86 | E35: 24.52 | F35: 22.42 | G35: 22.84 | H35: 25.19 | I35: 23.42 | J35: 23.18 | K35: 24.37 | L35: 23.4 | M35: 23.58 | N35: 26.35
B36: =B34+1 -> 7 | C36: 23.81 | D36: 23.86 | E36: 23.17 | F36: 23.4 | G36: 24.24 | H36: 24.64 | I36: 24.46 | J36: 25.84 | K36: 23.87 | L36: 23.73 | M36: 23.13 | N36: 26.41
C37: 24.8 | D37: 24.31 | E37: 23.28 | F37: 23.58 | G37: 24 | H37: 24.51 | I37: 24.97 | J37: 24.19 | K37: 23.86 | L37: 23.42 | M37: 23.1 | N37: 23.87
B38: =B36+1 -> 8 | C38: 24.06 | D38: 22.62 | E38: 23.24 | F38: 23.98 | G38: 25.57 | H38: 23.84 | I38: 22.78 | J38: 25.39 | K38: 24.35 | L38: 25.5 | M38: 24.2 | N38: 25.11
C39: 22.58 | D39: 25.43 | E39: 25.34 | F39: 24.91 | G39: 24.3 | H39: 23.85 | I39: 23.73 | J39: 23.55 | K39: 24.1 | L39: 25.2 | M39: 25.19 | N39: 24.48
B40: =B38+1 -> 9 | C40: 23.08 | D40: 24.74 | E40: 24.51 | F40: 22.37 | G40: 24.33 | H40: 24.78 | I40: 23.33 | J40: 23.45 | K40: 24.08 | L40: 23.12 | M40: 24.34 | N40: 25.89
C41: 23.24 | D41: 23.05 | E41: 22.54 | F41: 24.55 | G41: 23.78 | H41: 24.2 | I41: 25.46 | J41: 23.19 | K41: 22.61 | L41: 24.76 | M41: 24.15 | N41: 24.19
B42: =B40+1 -> 10 | C42: 24.45 | D42: 22.94 | E42: 23.21 | F42: 24.65 | G42: 23.33 | H42: 24.29 | I42: 25.99 | J42: 25 | K42: 25.61 | L42: 23.36 | M42: 24.44 | N42: 23.93
C43: 24.25 | D43: 25.05 | E43: 23.32 | F43: 25.2 | G43: 23.64 | H43: 24.18 | I43: 25.72 | J43: 23.42 | K43: 24.68 | L43: 23.04 | M43: 24.41 | N43: 25.6
B44: =B42+1 -> 11 | C44: 24.59 | D44: 23.39 | E44: 24.43 | F44: 22.5 | G44: 23.25 | H44: 22.43 | I44: 22.85 | J44: 23.36 | K44: 24.03 | L44: 25.14 | M44: 25.13 | N44: 25.23
C45: 22.43 | D45: 24.2 | E45: 25.1 | F45: 23.89 | G45: 25.19 | H45: 25.05 | I45: 26.02 | J45: 24.29 | K45: 25.2 | L45: 24.53 | M45: 24.63 | N45: 25.32
B46: =B44+1 -> 12 | C46: 22.5 | D46: 23.18 | E46: 23.07 | F46: 24.97 | G46: 22.55 | H46: 23.78 | I46: 25.12 | J46: 22.73 | K46: 25.01 | L46: 24.7 | M46: 25.78 | N46: 22.8
C47: 24.27 | D47: 24.07 | E47: 23.18 | F47: 22.58 | G47: 22.87 | H47: 24.77 | I47: 23.96 | J47: 22.12 | K47: 24.6 | L47: 22.73 | M47: 23.37 | N47: 24.82
B51: Tabela 3: distribuição dos tratamentos em quadrado latino
C53: HORÁRIO
C54: 1 | D54: 2 | E54: 3 | F54: 4 | G54: 5 | H54: 6 | I54: 7 | J54: 8 | K54: 9 | L54: 10 | M54: 11 | N54: 12
A55: PISTA | B55: 1 | C55: 10 | D55: 7 | E55: 6 | F55: 9 | G55: 3 | H55: 4 | I55: 12 | J55: 5 | K55: 8 | L55: 2 | M55: 1 | N55: 11
B56: 2 | C56: 5 | D56: 11 | E56: 3 | F56: 4 | G56: 10 | H56: 6 | I56: 1 | J56: 7 | K56: 12 | L56: 8 | M56: 9 | N56: 2
B57: 3 | C57: 9 | D57: 12 | E57: 1 | F57: 5 | G57: 8 | H57: 3 | I57: 11 | J57: 2 | K57: 7 | L57: 4 | M57: 6 | N57: 10
B58: 4 | C58: 3 | D58: 9 | E58: 11 | F58: 7 | G58: 5 | H58: 1 | I58: 8 | J58: 10 | K58: 4 | L58: 6 | M58: 2 | N58: 12
B59: 5 | C59: 2 | D59: 10 | E59: 7 | F59: 1 | G59: 4 | H59: 8 | I59: 5 | J59: 12 | K59: 6 | L59: 11 | M59: 3 | N59: 9
B60: 6 | C60: 8 | D60: 4 | E60: 2 | F60: 11 | G60: 9 | H60: 7 | I60: 3 | J60: 6 | K60: 5 | L60: 12 | M60: 10 | N60: 1
B61: 7 | C61: 6 | D61: 5 | E61: 10 | F61: 12 | G61: 11 | H61: 2 | I61: 4 | J61: 1 | K61: 3 | L61: 9 | M61: 8 | N61: 7
B62: 8 | C62: 7 | D62: 2 | E62: 9 | F62: 3 | G62: 6 | H62: 12 | I62: 10 | J62: 4 | K62: 11 | L62: 1 | M62: 5 | N62: 8
B63: 9 | C63: 1 | D63: 3 | E63: 12 | F63: 8 | G63: 2 | H63: 5 | I63: 6 | J63: 9 | K63: 10 | L63: 7 | M63: 11 | N63: 4
B64: 10 | C64: 4 | D64: 6 | E64: 8 | F64: 2 | G64: 7 | H64: 10 | I64: 9 | J64: 11 | K64: 1 | L64: 3 | M64: 12 | N64: 5
B65: 11 | C65: 12 | D65: 8 | E65: 4 | F65: 10 | G65: 1 | H65: 11 | I65: 2 | J65: 3 | K65: 9 | L65: 5 | M65: 7 | N65: 6
B66: 12 | C66: 11 | D66: 1 | E66: 5 | F66: 6 | G66: 12 | H66: 9 | I66: 7 | J66: 8 | K66: 2 | L66: 10 | M66: 4 | N66: 3

Sheet Tabela
R1: Bases de Cálculo para as Somas de Quadrados | AJ1: Estimativas para os parâmetros
B2: Pista(Linhas) | C2: Horario(Colunas) | D2: Pistas:Horario | E2: Tratamentos | F2: Trat | G2: Solado | H2: Firmeza | I2: Cadarço | J2: Sol,Fir | K2: Sol,Cad | L2: Fir,Cad | M2: Resposta | O2: Fonte | P2: Niveis | W2: r(Réplicas) | X2: P(Linhas) | Y2: C(Colunas) | AA2: Fonte | AB2: SQ | AC2: GL | AD2: QM | AE2: F | AF2: P-valor
B3: 01 | C3: 01 | D3: =B3&C3 -> 0101 | E3: 10 | F3: =VLOOKUP(E3,'Base Original'!$B$4:$C$16,2,0) -> AAB | G3: =LEFT(F3,1) -> A | H3: =MID(F3,2,1) -> A | I3: =RIGHT(F3,1) -> B | J3: =G3&H3 -> AA | K3: =G3&I3 -> AB | L3: =H3&I3 -> AB | M3: 22.67 | O3: Trat | P3: 12 | R3: Pistas | S3: Total | T3: Total^2 | U3: n | W3: 2 | X3: 12 | Y3: 12 | AA3: Trat | AB3: =AB4+AB5+AB6+AB8+AB10+AB12+AB14 -> 50.973218 | AC3: =P3-1 -> 11 | AD3: =IFERROR(AB3/AC3,"-") -> 4.6339289 | AE3: =IFERROR(AD3/$AD$17,"-") -> 6.9749813 | AF3: =IFERROR(_xlfn.F.DIST.RT(AE3,AC3,$AC$17),"-") -> 2.6814904e-10 | AI3: Média Global: | AJ3: =AVERAGE(M3:M290) -> 24.250312
B4: 01 | C4: 02 | D4: =B4&C4 -> 0102 | E4: 07 | F4: =VLOOKUP(E4,'Base Original'!$B$4:$C$16,2,0) -> ABB | G4: =LEFT(F4,1) -> A | H4: =MID(F4,2,1) -> B | I4: =RIGHT(F4,1) -> B | J4: =G4&H4 -> AB | K4: =G4&I4 -> AB | L4: =H4&I4 -> BB | M4: 23.73 | O4: Pistas | P4: 12 | R4: 01 | S4: =SUMIFS($M$3:$M$290,$B$3:$B$290,R4) -> 588.28 | T4: =S4^2 -> 346073.36 | U4: 24 | W4: N | X4: =W3*X3*Y3 -> 288 | AA4: Solado | AB4: =SUM(T46:T48)/U46-SUM(S46:S48)^2/X4 -> 4.2390896 | AC4: =P6-1 -> 2 | AD4: =IFERROR(AB4/AC4,"-") -> 2.1195448 | AE4: =IFERROR(AD4/$AD$17,"-") -> 3.190335 | AF4: =IFERROR(_xlfn.F.DIST.RT(AE4,AC4,$AC$17),"-") -> 0.042812642
B5: 01 | C5: 03 | D5: =B5&C5 -> 0103 | E5: 06 | F5: =VLOOKUP(E5,'Base Original'!$B$4:$C$16,2,0) -> CBA | G5: =LEFT(F5,1) -> C | H5: =MID(F5,2,1) -> B | I5: =RIGHT(F5,1) -> A | J5: =G5&H5 -> CB | K5: =G5&I5 -> CA | L5: =H5&I5 -> BA | M5: 24.48 | O5: Hora | P5: 12 | R5: 02 | S5: =SUMIFS($M$3:$M$290,$B$3:$B$290,R5) -> 590.46 | T5: =S5^2 -> 348643.01 | U5: 24 | AA5: Firmeza | AB5: =SUM(T51:T52)/U51-SUM(S51:S52)^2/X4 -> 2.2773337 | AC5: =P7-1 -> 1 | AD5: =IFERROR(AB5/AC5,"-") -> 2.2773337 | AE5: =IFERROR(AD5/$AD$17,"-") -> 3.4278385 | AF5: =IFERROR(_xlfn.F.DIST.RT(AE5,AC5,$AC$17),"-") -> 0.065266578 | AI5: i/j | AJ5: 01 | AK5: 02 | AL5: 03 | AM5: 04 | AN5: 05 | AO5: 06 | AP5: 07 | AQ5: 08 | AR5: 09 | AS5: 10 | AT5: 11 | AU5: 12
B6: 01 | C6: 04 | D6: =B6&C6 -> 0104 | E6: 09 | F6: =VLOOKUP(E6,'Base Original'!$B$4:$C$16,2,0) -> CBB | G6: =LEFT(F6,1) -> C | H6: =MID(F6,2,1) -> B | I6: =RIGHT(F6,1) -> B | J6: =G6&H6 -> CB | K6: =G6&I6 -> CB | L6: =H6&I6 -> BB | M6: 25.68 | O6: Solado | P6: 3 | R6: 03 | S6: =SUMIFS($M$3:$M$290,$B$3:$B$290,R6) -> 580.64 | T6: =S6^2 -> 337142.81 | U6: 24 | AA6: Cadarço | AB6: =SUM($T$55:$T$56)/U55-SUM(S55:S56)^2/X4 -> 17.086884 | AC6: =P8-1 -> 1 | AD6: =IFERROR(AB6/AC6,"-") -> 17.086884 | AE6: =IFERROR(AD6/$AD$17,"-") -> 25.719146 | AF6: =IFERROR(_xlfn.F.DIST.RT(AE6,AC6,$AC$17),"-") -> 7.6225435e-07 | AI6: Pista(Linhas) | AJ6: =AVERAGEIFS($M$3:$M$290,$B$3:$B$290,AJ$5)-$AJ$3 -> 0.26135417 | AK6: =AVERAGEIFS($M$3:$M$290,$B$3:$B$290,AK$5)-$AJ$3 -> 0.3521875 | AL6: =AVERAGEIFS($M$3:$M$290,$B$3:$B$290,AL$5)-$AJ$3 -> -0.056979167 | AM6: =AVERAGEIFS($M$3:$M$290,$B$3:$B$290,AM$5)-$AJ$3 -> 0.050520833 | AN6: =AVERAGEIFS($M$3:$M$290,$B$3:$B$290,AN$5)-$AJ$3 -> 0.2409375 | AO6: =AVERAGEIFS($M$3:$M$290,$B$3:$B$290,AO$5)-$AJ$3 -> 0.032604167 | AP6: =AVERAGEIFS($M$3:$M$290,$B$3:$B$290,AP$5)-$AJ$3 -> -0.14822917 | AQ6: =AVERAGEIFS($M$3:$M$290,$B$3:$B$290,AQ$5)-$AJ$3 -> 0.053854167 | ... AU6: =AVERAGEIFS($M$3:$M$290,$B$3:$B$290,AU$5)-$AJ$3 -> -0.51989583
B7: 01 | C7: 05 | D7: =B7&C7 -> 0105 | E7: 03 | F7: =VLOOKUP(E7,'Base Original'!$B$4:$C$16,2,0) -> CAA | G7: =LEFT(F7,1) -> C | H7: =MID(F7,2,1) -> A | I7: =RIGHT(F7,1) -> A | J7: =G7&H7 -> CA | K7: =G7&I7 -> CA | L7: =H7&I7 -> AA | M7: 23.21 | O7: Firmeza | P7: 2 | R7: 04 | S7: =SUMIFS($M$3:$M$290,$B$3:$B$290,R7) -> 583.22 | T7: =S7^2 -> 340145.57 | U7: 24 | AA7: (Sol,Fir) | AB7: =SUM($T$59:$T$64)/$U$59-SUM(S59:$S$64)^2/$X$4 -> 14.572691 | AC7: - | AD7: =IFERROR(AB7/AC7,"-") -> - | AE7: =IFERROR(AD7/$AD$17,"-") -> - | AF7: =IFERROR(_xlfn.F.DIST.RT(AE7,AC7,$AC$17),"-") -> - | AI7: Horario(Colunas) | AJ7: =AVERAGEIFS($M$3:$M$290,$C$3:$C$290,AJ$5)-$AJ$3 -> -0.50697917 | AK7: =AVERAGEIFS($M$3:$M$290,$C$3:$C$290,AK$5)-$AJ$3 -> -0.22572917 | AL7: =AVERAGEIFS($M$3:$M$290,$C$3:$C$290,AL$5)-$AJ$3 -> -0.15739583 | AM7: =AVERAGEIFS($M$3:$M$290,$C$3:$C$290,AM$5)-$AJ$3 -> -0.20614583 | AN7: =AVERAGEIFS($M$3:$M$290,$C$3:$C$290,AN$5)-$AJ$3 -> -0.4328125 | AO7: =AVERAGEIFS($M$3:$M$290,$C$3:$C$290,AO$5)-$AJ$3 -> 0.1134375 | AP7: =AVERAGEIFS($M$3:$M$290,$C$3:$C$290,AP$5)-$AJ$3 -> 0.1809375 | AQ7: =AVERAGEIFS($M$3:$M$290,$C$3:$C$290,AQ$5)-$AJ$3 -> -0.22697917 | ... AU7: =AVERAGEIFS($M$3:$M$290,$C$3:$C$290,AU$5)-$AJ$3 -> 0.6646875
B8: 01 | C8: 06 | D8: =B8&C8 -> 0106 | E8: 04 | F8: =VLOOKUP(E8,'Base Original'!$B$4:$C$16,2,0) -> ABA | G8: =LEFT(F8,1) -> A | H8: =MID(F8,2,1) -> B | I8: =RIGHT(F8,1) -> A | J8: =G8&H8 -> AB | K8: =G8&I8 -> AA | L8: =H8&I8 -> BA | M8: 25.96 | O8: Cadarço | P8: 2 | R8: 05 | S8: =SUMIFS($M$3:$M$290,$B$3:$B$290,R8) -> 587.79 | T8: =S8^2 -> 345497.08 | U8: 24 | AA8: (Sol x Fir) | AB8: =AB7-AB4-AB5 -> 8.0562674 | AC8: =AC4*AC5 -> 2 | AD8: =IFERROR(AB8/AC8,"-") -> 4.0281337 | AE8: =IFERROR(AD8/$AD$17,"-") -> 6.0631395 | AF8: =IFERROR(_xlfn.F.DIST.RT(AE8,AC8,$AC$17),"-") -> 0.002677542
B9: 01 | C9: 07 | D9: =B9&C9 -> 0107 | E9: 12 | F9: =VLOOKUP(E9,'Base Original'!$B$4:$C$16,2,0) -> CAB | G9: =LEFT(F9,1) -> C | H9: =MID(F9,2,1) -> A | I9: =RIGHT(F9,1) -> B | J9: =G9&H9 -> CA | K9: =G9&I9 -> CB | L9: =H9&I9 -> AB | M9: 25.94 | R9: 06 | S9: =SUMIFS($M$3:$M$290,$B$3:$B$290,R9) -> 582.79 | T9: =S9^2 -> 339644.18 | U9: 24 | AA9: (Sol,Cad) | AB9: =SUM($T$67:$T$72)/$U$67-SUM(S67:$S$72)^2/$X$4 -> 37.025611 | AC9: - | AD9: =IFERROR(AB9/AC9,"-") -> - | AE9: =IFERROR(AD9/$AD$17,"-") -> - | AF9: =IFERROR(_xlfn.F.DIST.RT(AE9,AC9,$AC$17),"-") -> - | AI9: Tratamentos
B10: 01 | C10: 08 | D10: =B10&C10 -> 0108 | E10: 05 | F10: =VLOOKUP(E10,'Base Original'!$B$4:$C$16,2,0) -> BBA | G10: =LEFT(F10,1) -> B | H10: =MID(F10,2,1) -> B | I10: =RIGHT(F10,1) -> A | J10: =G10&H10 -> BB | K10: =G10&I10 -> BA | L10: =H10&I10 -> BA | M10: 25.96 | R10: 07 | S10: =SUMIFS($M$3:$M$290,$B$3:$B$290,R10) -> 578.45 | T10: =S10^2 -> 334604.4 | U10: 24 | AA10: (Sol x Cad) | AB10: =AB9-AB4-AB6 -> 15.699638 | AC10: =AC4*AC6 -> 2 | AD10: =IFERROR(AB10/AC10,"-") -> 7.8498191 | AE10: =IFERROR(AD10/$AD$17,"-") -> 11.815533 | AF10: =IFERROR(_xlfn.F.DIST.RT(AE10,AC10,$AC$17),"-") -> 1.240047e-05 | AI10: Solado | AJ10: Estimativas | AK10: Firmeza | AL10: Estimativas | AM10: Cadarço | AN10: Estimativas
B11: 01 | C11: 09 | D11: =B11&C11 -> 0109 | E11: 08 | F11: =VLOOKUP(E11,'Base Original'!$B$4:$C$16,2,0) -> BBB | G11: =LEFT(F11,1) -> B | H11: =MID(F11,2,1) -> B | I11: =RIGHT(F11,1) -> B | J11: =G11&H11 -> BB | K11: =G11&I11 -> BB | L11: =H11&I11 -> BB | M11: 24.84 | R11: 08 | S11: =SUMIFS($M$3:$M$290,$B$3:$B$290,R11) -> 583.3 | T11: =S11^2 -> 340238.89 | U11: 24 | AA11: (Fir, Cad) | AB11: =SUM($T$75:$T$78)/$U$75-SUM(S75:$S$78)^2/$X$4 -> 19.418943 | AC11: - | AD11: =IFERROR(AB11/AC11,"-") -> - | AE11: =IFERROR(AD11/$AD$17,"-") -> - | AF11: =IFERROR(_xlfn.F.DIST.RT(AE11,AC11,$AC$17),"-") -> - | AI11: A | AJ11: =AVERAGEIFS($M$3:$M$290,$G$3:$G$290,AI11)-$AJ$3 -> 0.17072917 | AK11: A | AL11: =AVERAGEIFS($M$3:$M$290,$H$3:$H$290,AK11)-$AJ$3 -> -0.088923611 | AM11: A | AN11: =AVERAGEIFS($M$3:$M$290,$I$3:$I$290,AM11)-$AJ$3 -> 0.24357639
B12: 01 | C12: 10 | D12: =B12&C12 -> 0110 | E12: 02 | F12: =VLOOKUP(E12,'Base Original'!$B$4:$C$16,2,0) -> BAA | G12: =LEFT(F12,1) -> B | H12: =MID(F12,2,1) -> A | I12: =RIGHT(F12,1) -> A | J12: =G12&H12 -> BA | K12: =G12&I12 -> BA | L12: =H12&I12 -> AA | M12: 24.56 | R12: 09 | S12: =SUMIFS($M$3:$M$290,$B$3:$B$290,R12) -> 573.74 | T12: =S12^2 -> 329177.59 | U12: 24 | AA12: (Fir, Cad) | AB12: =AB11-AB5-AB6 -> 0.054725347 | AC12: =AC5*AC6 -> 1 | AD12: =IFERROR(AB12/AC12,"-") -> 0.054725347 | AE12: =IFERROR(AD12/$AD$17,"-") -> 0.082372493 | AF12: =IFERROR(_xlfn.F.DIST.RT(AE12,AC12,$AC$17),"-") -> 0.77434165 | AI12: B | AJ12: =AVERAGEIFS($M$3:$M$290,$G$3:$G$290,AI12)-$AJ$3 -> -0.10010417 | AK12: B | AL12: =AVERAGEIFS($M$3:$M$290,$H$3:$H$290,AK12)-$AJ$3 -> 0.088923611 | AM12: B | AN12: =AVERAGEIFS($M$3:$M$290,$I$3:$I$290,AM12)-$AJ$3 -> -0.24357639
B13: 01 | C13: 11 | D13: =B13&C13 -> 0111 | E13: 01 | F13: =VLOOKUP(E13,'Base Original'!$B$4:$C$16,2,0) -> AAA | G13: =LEFT(F13,1) -> A | H13: =MID(F13,2,1) -> A | I13: =RIGHT(F13,1) -> A | J13: =G13&H13 -> AA | K13: =G13&I13 -> AA | L13: =H13&I13 -> AA | M13: 25.27 | R13: 10 | S13: =SUMIFS($M$3:$M$290,$B$3:$B$290,R13) -> 583.71 | T13: =S13^2 -> 340717.36 | U13: 24 | AA13: (Sol,Fir,Cad)=Trat | AB13: =SUM($T$81:$T$92)/U81-SUM($S$81:$S$92)^2/$X$4 -> 50.973218 | AC13: - | AD13: =IFERROR(AB13/AC13,"-") -> - | AE13: =IFERROR(AD13/$AD$17,"-") -> - | AF13: =IFERROR(_xlfn.F.DIST.RT(AE13,AC13,$AC$17),"-") -> - | AI13: C | AJ13: =AVERAGEIFS($M$3:$M$290,$G$3:$G$290,AI13)-$AJ$3 -> -0.070625
B14: 01 | C14: 12 | D14: =B14&C14 -> 0112 | E14: 11 | F14: =VLOOKUP(E14,'Base Original'!$B$4:$C$16,2,0) -> BAB | G14: =LEFT(F14,1) -> B | H14: =MID(F14,2,1) -> A | I14: =RIGHT(F14,1) -> B | J14: =G14&H14 -> BA | K14: =G14&I14 -> BB | L14: =H14&I14 -> AB | M14: 23.61 | R14: 11 | S14: =SUMIFS($M$3:$M$290,$B$3:$B$290,R14) -> 582.18 | T14: =S14^2 -> 338933.55 | U14: 24 | AA14: (Sol x Fir x Cad) | AB14: =AB13-AB4-AB5-AB6-AB8-AB10-AB12 -> 3.5592799 | AC14: =AC4*AC5*AC6 -> 2 | AD14: =IFERROR(AB14/AC14,"-") -> 1.7796399 | AE14: =IFERROR(AD14/$AD$17,"-") -> 2.6787108 | AF14: =IFERROR(_xlfn.F.DIST.RT(AE14,AC14,$AC$17),"-") -> 0.070591053
B15: 01 | C15: 01 | D15: =B15&C15 -> 0101 | E15: 10 | F15: =VLOOKUP(E15,'Base Original'!$B$4:$C$16,2,0) -> AAB | G15: =LEFT(F15,1) -> A | H15: =MID(F15,2,1) -> A | I15: =RIGHT(F15,1) -> B | J15: =G15&H15 -> AA | K15: =G15&I15 -> AB | L15: =H15&I15 -> AB | M15: 22.97 | R15: 12 | S15: =SUMIFS($M$3:$M$290,$B$3:$B$290,R15) -> 569.53 | T15: =S15^2 -> 324364.42 | U15: 24 | AA15: Pistas | AB15: 16.228043 | AC15: =P4-1 -> 11 | AD15: =IFERROR(AB15/AC15,"-") -> 1.4752766 | AE15: =IFERROR(AD15/$AD$17,"-") -> 2.2205837 | AF15: =IFERROR(_xlfn.F.DIST.RT(AE15,AC15,$AC$17),"-") -> 0.013918674 | AI15: Interações
B16: 01 | C16: 02 | D16: =B16&C16 -> 0102 | E16: 07 | F16: =VLOOKUP(E16,'Base Original'!$B$4:$C$16,2,0) -> ABB | G16: =LEFT(F16,1) -> A | H16: =MID(F16,2,1) -> B | I16: =RIGHT(F16,1) -> B | J16: =G16&H16 -> AB | K16: =G16&I16 -> AB | L16: =H16&I16 -> BB | M16: 23.56 | AA16: Hora | AB16: =SUM(T18:T29)/U18-SUM(S18:S29)^2/X4 -> 31.648268 | AC16: =P5-1 -> 11 | AD16: =IFERROR(AB16/AC16,"-") -> 2.8771152 | AE16: =IFERROR(AD16/$AD$17,"-") -> 4.3306286 | AF16: =IFERROR(_xlfn.F.DIST.RT(AE16,AC16,$AC$17),"-") -> 6.1366178e-06 | AI16: Sol x Fir | AJ16: Estimativas | AK16: Sol x Cad | AL16: Estimativas | AM16: Fir x Cad | AN16: Estimativas | AO16: Sol x Fir x Cad | AP16: Estimativas
B17: 01 | C17: 03 | D17: =B17&C17 -> 0103 | E17: 06 | F17: =VLOOKUP(E17,'Base Original'!$B$4:$C$16,2,0) -> CBA | G17: =LEFT(F17,1) -> C | H17: =MID(F17,2,1) -> B | I17: =RIGHT(F17,1) -> A | J17: =G17&H17 -> CB | K17: =G17&I17 -> CA | L17: =H17&I17 -> BA | M17: 25.57 | R17: Horarios | S17: Total | T17: Total^2 | U17: n | AA17: Erro | AB17: =AB18-AB20-AB16-AB15-AB3 -> 168.74854 | AC17: =AC18-AC16-AC15-AC3 -> 254 | AD17: =IFERROR(AB17/AC17,"-") -> 0.66436435 | AI17: AA | AJ17: =AVERAGEIFS($M$3:$M$290,$J$3:$J$290,AI17)-$AJ$3 -> 0.041354167 | AK17: AB | AL17: =AVERAGEIFS($M$3:$M$290,$K$3:$K$290,AK17)-$AJ$3 -> -0.3409375 | AM17: AB | AN17: =AVERAGEIFS($M$3:$M$290,$L$3:$L$290,AM17)-$AJ$3 -> -0.34628472 | AO17: AAB | AP17: =AVERAGEIFS($M$3:$M$290,$F$3:$F$290,AO17)-$AJ$3 -> -0.64114583
B18: 01 | C18: 04 | D18: =B18&C18 -> 0104 | E18: 09 | F18: =VLOOKUP(E18,'Base Original'!$B$4:$C$16,2,0) -> CBB | G18: =LEFT(F18,1) -> C | H18: =MID(F18,2,1) -> B | I18: =RIGHT(F18,1) -> B | J18: =G18&H18 -> CB | K18: =G18&I18 -> CB | L18: =H18&I18 -> BB | M18: 23.77 | R18: 01 | S18: =SUMIFS($M$3:$M$290,$C$3:$C$290,R4) -> 569.84 | T18: =S18^2 -> 324717.63 | U18: 24 | AA18: Total | AB18: =SUM($R$95:$R$382) -> 267.59807 | AC18: =X4-1 -> 287 | AI18: AB | AJ18: =AVERAGEIFS($M$3:$M$290,$J$3:$J$290,AI18)-$AJ$3 -> 0.30010417 | AK18: CA | AL18: =AVERAGEIFS($M$3:$M$290,$K$3:$K$290,AK18)-$AJ$3 -> -0.12802083 | AM18: BB | AN18: =AVERAGEIFS($M$3:$M$290,$L$3:$L$290,AM18)-$AJ$3 -> -0.14086806 | AO18: ABB | AP18: =AVERAGEIFS($M$3:$M$290,$F$3:$F$290,AO18)-$AJ$3 -> -0.040729167
B19: 01 | C19: 05 | D19: =B19&C19 -> 0105 | E19: 03 | F19: =VLOOKUP(E19,'Base Original'!$B$4:$C$16,2,0) -> CAA | G19: =LEFT(F19,1) -> C | H19: =MID(F19,2,1) -> A | I19: =RIGHT(F19,1) -> A | J19: =G19&H19 -> CA | K19: =G19&I19 -> CA | L19: =H19&I19 -> AA | M19: 23.37 | R19: 02 | S19: =SUMIFS($M$3:$M$290,$C$3:$C$290,R5) -> 576.59 | T19: =S19^2 -> 332456.03 | U19: 24 | AA19: Trat 1 x Demais | AB19: =$S$32^2/$U$32+SUM($S$33:$S$43)^2/SUM($U$33:$U$43)-SUM($S$32:$S$43)^2/$X$4 -> 13.718353 | AC19: 1 | AD19: =AB19/AC19 -> 13.718353 | AE19: =AD19/AD17 -> 20.648839 | AF19: =IFERROR(_xlfn.F.DIST.RT(AE19,AC19,$AC$17),"-") -> 8.5372337e-06 | AI19: CB | AJ19: =AVERAGEIFS($M$3:$M$290,$J$3:$J$290,AI19)-$AJ$3 -> 0.19989583 | AK19: CB | AL19: =AVERAGEIFS($M$3:$M$290,$K$3:$K$290,AK19)-$AJ$3 -> -0.013229167 | AM19: BA | AN19: =AVERAGEIFS($M$3:$M$290,$L$3:$L$290,AM19)-$AJ$3 -> 0.31871528 | AO19: CBA | AP19: =AVERAGEIFS($M$3:$M$290,$F$3:$F$290,AO19)-$AJ$3 -> 0.2009375
B20: 01 | C20: 06 | D20: =B20&C20 -> 0106 | E20: 04 | F20: =VLOOKUP(E20,'Base Original'!$B$4:$C$16,2,0) -> ABA | G20: =LEFT(F20,1) -> A | H20: =MID(F20,2,1) -> B | I20: =RIGHT(F20,1) -> A | J20: =G20&H20 -> AB | K20: =G20&I20 -> AA | L20: =H20&I20 -> BA | M20: 24.9 | R20: 03 | S20: =SUMIFS($M$3:$M$290,$C$3:$C$290,R6) -> 578.23 | T20: =S20^2 -> 334349.93 | U20: 24 | AI20: CA | AJ20: =AVERAGEIFS($M$3:$M$290,$J$3:$J$290,AI20)-$AJ$3 -> -0.34114583 | AK20: AA | AL20: =AVERAGEIFS($M$3:$M$290,$K$3:$K$290,AK20)-$AJ$3 -> 0.68239583 | AM20: AA | AN20: =AVERAGEIFS($M$3:$M$290,$L$3:$L$290,AM20)-$AJ$3 -> 0.1684375 | AO20: CBB | AP20: =AVERAGEIFS($M$3:$M$290,$F$3:$F$290,AO20)-$AJ$3 -> 0.19885417
B21: 01 | C21: 07 | D21: =B21&C21 -> 0107 | E21: 12 | F21: =VLOOKUP(E21,'Base Original'!$B$4:$C$16,2,0) -> CAB | G21: =LEFT(F21,1) -> C | H21: =MID(F21,2,1) -> A | I21: =RIGHT(F21,1) -> B | J21: =G21&H21 -> CA | K21: =G21&I21 -> CB | L21: =H21&I21 -> AB | M21: 23.41 | R21: 04 | S21: =SUMIFS($M$3:$M$290,$C$3:$C$290,R7) -> 577.06 | T21: =S21^2 -> 332998.24 | U21: 24 | AI21: BB | AJ21: =AVERAGEIFS($M$3:$M$290,$J$3:$J$290,AI21)-$AJ$3 -> -0.23322917 | AK21: BA | AL21: =AVERAGEIFS($M$3:$M$290,$K$3:$K$290,AK21)-$AJ$3 -> 0.17635417 | AO21: CAA | AP21: =AVERAGEIFS($M$3:$M$290,$F$3:$F$290,AO21)-$AJ$3 -> -0.45697917
B22: 01 | C22: 08 | D22: =B22&C22 -> 0108 | E22: 05 | F22: =VLOOKUP(E22,'Base Original'!$B$4:$C$16,2,0) -> BBA | G22: =LEFT(F22,1) -> B | H22: =MID(F22,2,1) -> B | I22: =RIGHT(F22,1) -> A | J22: =G22&H22 -> BB | K22: =G22&I22 -> BA | L22: =H22&I22 -> BA | M22: 24.55 | R22: 05 | S22: =SUMIFS($M$3:$M$290,$C$3:$C$290,R8) -> 571.62 | T22: =S22^2 -> 326749.42 | U22: 24 | AI22: BA | AJ22: =AVERAGEIFS($M$3:$M$290,$J$3:$J$290,AI22)-$AJ$3 -> 0.033020833 | AK22: BB | AL22: =AVERAGEIFS($M$3:$M$290,$K$3:$K$290,AK22)-$AJ$3 -> -0.3765625 | AO22: ABA | AP22: =AVERAGEIFS($M$3:$M$290,$F$3:$F$290,AO22)-$AJ$3 -> 0.6409375
B23: 01 | C23: 09 | D23: =B23&C23 -> 0109 | E23: 08 | F23: =VLOOKUP(E23,'Base Original'!$B$4:$C$16,2,0) -> BBB | G23: =LEFT(F23,1) -> B | H23: =MID(F23,2,1) -> B | I23: =RIGHT(F23,1) -> B | J23: =G23&H23 -> BB | K23: =G23&I23 -> BB | L23: =H23&I23 -> BB | M23: 24.33 | R23: 06 | S23: =SUMIFS($M$3:$M$290,$C$3:$C$290,R9) -> 584.73 | T23: =S23^2 -> 341909.17 | U23: 24 | AO23: CAB | AP23: =AVERAGEIFS($M$3:$M$290,$F$3:$F$290,AO23)-$AJ$3 -> -0.2253125
B24: 01 | C24: 10 | D24: =B24&C24 -> 0110 | E24: 02 | F24: =VLOOKUP(E24,'Base Original'!$B$4:$C$16,2,0) -> BAA | G24: =LEFT(F24,1) -> B | H24: =MID(F24,2,1) -> A | I24: =RIGHT(F24,1) -> A | J24: =G24&H24 -> BA | K24: =G24&I24 -> BA | L24: =H24&I24 -> AA | M24: 24.52 | R24: 07 | S24: =SUMIFS($M$3:$M$290,$C$3:$C$290,R10) -> 586.35 | T24: =S24^2 -> 343806.32 | U24: 24 | AO24: BBA | AP24: =AVERAGEIFS($M$3:$M$290,$F$3:$F$290,AO24)-$AJ$3 -> 0.11427083
B25: 01 | C25: 11 | D25: =B25&C25 -> 0111 | E25: 01 | F25: =VLOOKUP(E25,'Base Original'!$B$4:$C$16,2,0) -> AAA | G25: =LEFT(F25,1) -> A | H25: =MID(F25,2,1) -> A | I25: =RIGHT(F25,1) -> A | J25: =G25&H25 -> AA | K25: =G25&I25 -> AA | L25: =H25&I25 -> AA | M25: 26.13 | R25: 08 | S25: =SUMIFS($M$3:$M$290,$C$3:$C$290,R11) -> 576.56 | T25: =S25^2 -> 332421.43 | U25: 24 | AO25: BBB | AP25: =AVERAGEIFS($M$3:$M$290,$F$3:$F$290,AO25)-$AJ$3 -> -0.58072917
B26: 01 | C26: 12 | D26: =B26&C26 -> 0112 | E26: 11 | F26: =VLOOKUP(E26,'Base Original'!$B$4:$C$16,2,0) -> BAB | G26: =LEFT(F26,1) -> B | H26: =MID(F26,2,1) -> A | I26: =RIGHT(F26,1) -> B | J26: =G26&H26 -> BA | K26: =G26&I26 -> BB | L26: =H26&I26 -> AB | M26: 25.29 | R26: 09 | S26: =SUMIFS($M$3:$M$290,$C$3:$C$290,R12) -> 589.67 | T26: =S26^2 -> 347710.71 | U26: 24 | AO26: BAA | AP26: =AVERAGEIFS($M$3:$M$290,$F$3:$F$290,AO26)-$AJ$3 -> 0.2384375
B27: 02 | C27: 01 | D27: =B27&C27 -> 0201 | E27: 05 | F27: =VLOOKUP(E27,'Base Original'!$B$4:$C$16,2,0) -> BBA | G27: =LEFT(F27,1) -> B | H27: =MID(F27,2,1) -> B | I27: =RIGHT(F27,1) -> A | J27: =G27&H27 -> BB | K27: =G27&I27 -> BA | L27: =H27&I27 -> BA | M27: 25.43 | R27: 10 | S27: =SUMIFS($M$3:$M$290,$C$3:$C$290,R13) -> 587.17 | T27: =S27^2 -> 344768.61 | U27: 24 | AO27: AAA | AP27: =AVERAGEIFS($M$3:$M$290,$F$3:$F$290,AO27)-$AJ$3 -> 0.72385417
B28: 02 | C28: 02 | D28: =B28&C28 -> 0202 | E28: 11 | F28: =VLOOKUP(E28,'Base Original'!$B$4:$C$16,2,0) -> BAB | G28: =LEFT(F28,1) -> B | H28: =MID(F28,2,1) -> A | I28: =RIGHT(F28,1) -> B | J28: =G28&H28 -> BA | K28: =G28&I28 -> BB | L28: =H28&I28 -> AB | M28: 25.3 | R28: 11 | S28: =SUMIFS($M$3:$M$290,$C$3:$C$290,R14) -> 588.31 | T28: =S28^2 -> 346108.66 | U28: 24 | AO28: BAB | AP28: =AVERAGEIFS($M$3:$M$290,$F$3:$F$290,AO28)-$AJ$3 -> -0.17239583
B29: 02 | C29: 03 | D29: =B29&C29 -> 0203 | E29: 03 | F29: =VLOOKUP(E29,'Base Original'!$B$4:$C$16,2,0) -> CAA | G29: =LEFT(F29,1) -> C | H29: =MID(F29,2,1) -> A | I29: =RIGHT(F29,1) -> A | J29: =G29&H29 -> CA | K29: =G29&I29 -> CA | L29: =H29&I29 -> AA | M29: 23.42 | R29: 12 | S29: =SUMIFS($M$3:$M$290,$C$3:$C$290,R15) -> 597.96 | T29: =S29^2 -> 357556.16 | U29: 24
B30: 02 | C30: 04 | D30: =B30&C30 -> 0204 | E30: 04 | F30: =VLOOKUP(E30,'Base Original'!$B$4:$C$16,2,0) -> ABA | G30: =LEFT(F30,1) -> A | H30: =MID(F30,2,1) -> B | I30: =RIGHT(F30,1) -> A | J30: =G30&H30 -> AB | K30: =G30&I30 -> AA | L30: =H30&I30 -> BA | M30: 25.49
B31: 02 | C31: 05 | D31: =B31&C31 -> 0205 | E31: 10 | F31: =VLOOKUP(E31,'Base Original'!$B$4:$C$16,2,0) -> AAB | G31: =LEFT(F31,1) -> A | H31: =MID(F31,2,1) -> A | I31: =RIGHT(F31,1) -> B | J31: =G31&H31 -> AA | K31: =G31&I31 -> AB | L31: =H31&I31 -> AB | M31: 23.56 | R31: Tratamentos | S31: Total | T31: Total^2 | U31: n
B32: 02 | C32: 06 | D32: =B32&C32 -> 0206 | E32: 06 | F32: =VLOOKUP(E32,'Base Original'!$B$4:$C$16,2,0) -> CBA | G32: =LEFT(F32,1) -> C | H32: =MID(F32,2,1) -> B | I32: =RIGHT(F32,1) -> A | J32: =G32&H32 -> CB | K32: =G32&I32 -> CA | L32: =H32&I32 -> BA | M32: 24.07 | R32: 01 | S32: =SUMIFS($M$3:$M$290,$E$3:$E$290,R18) -> 599.38 | T32: =S32^2 -> 359256.38 | U32: 24
B33: 02 | C33: 07 | D33: =B33&C33 -> 0207 | E33: 01 | F33: =VLOOKUP(E33,'Base Original'!$B$4:$C$16,2,0) -> AAA | G33: =LEFT(F33,1) -> A | H33: =MID(F33,2,1) -> A | I33: =RIGHT(F33,1) -> A | J33: =G33&H33 -> AA | K33: =G33&I33 -> AA | L33: =H33&I33 -> AA | M33: 25.63 | R33: 02 | S33: =SUMIFS($M$3:$M$290,$E$3:$E$290,R19) -> 587.73 | T33: =S33^2 -> 345426.55 | U33: 24
B34: 02 | C34: 08 | D34: =B34&C34 -> 0208 | E34: 07 | F34: =VLOOKUP(E34,'Base Original'!$B$4:$C$16,2,0) -> ABB | G34: =LEFT(F34,1) -> A | H34: =MID(F34,2,1) -> B | I34: =RIGHT(F34,1) -> B | J34: =G34&H34 -> AB | K34: =G34&I34 -> AB | L34: =H34&I34 -> BB | M34: 24.36 | R34: 03 | S34: =SUMIFS($M$3:$M$290,$E$3:$E$290,R20) -> 571.04 | T34: =S34^2 -> 326086.68 | U34: 24
B35: 02 | C35: 09 | D35: =B35&C35 -> 0209 | E35: 12 | F35: =VLOOKUP(E35,'Base Original'!$B$4:$C$16,2,0) -> CAB | G35: =LEFT(F35,1) -> C | H35: =MID(F35,2,1) -> A | I35: =RIGHT(F35,1) -> B | J35: =G35&H35 -> CA | K35: =G35&I35 -> CB | L35: =H35&I35 -> AB | M35: 24.55 | R35: 04 | S35: =SUMIFS($M$3:$M$290,$E$3:$E$290,R21) -> 597.39 | T35: =S35^2 -> 356874.81 | U35: 24
B36: 02 | C36: 10 | D36: =B36&C36 -> 0210 | E36: 08 | F36: =VLOOKUP(E36,'Base Original'!$B$4:$C$16,2,0) -> BBB | G36: =LEFT(F36,1) -> B | H36: =MID(F36,2,1) -> B | I36: =RIGHT(F36,1) -> B | J36: =G36&H36 -> BB | K36: =G36&I36 -> BB | L36: =H36&I36 -> BB | M36: 24.04 | R36: 05 | S36: =SUMIFS($M$3:$M$290,$E$3:$E$290,R22) -> 584.75 | T36: =S36^2 -> 341932.56 | U36: 24
B37: 02 | C37: 11 | D37: =B37&C37 -> 0211 | E37: 09 | F37: =VLOOKUP(E37,'Base Original'!$B$4:$C$16,2,0) -> CBB | G37: =LEFT(F37,1) -> C | H37: =MID(F37,2,1) -> B | I37: =RIGHT(F37,1) -> B | J37: =G37&H37 -> CB | K37: =G37&I37 -> CB | L37: =H37&I37 -> BB | M37: 24.08 | R37: 06 | S37: =SUMIFS($M$3:$M$290,$E$3:$E$290,R23) -> 586.83 | T37: =S37^2 -> 344369.45 | U37: 24
B38: 02 | C38: 12 | D38: =B38&C38 -> 0212 | E38: 02 | F38: =VLOOKUP(E38,'Base Original'!$B$4:$C$16,2,0) -> BAA | G38: =LEFT(F38,1) -> B | H38: =MID(F38,2,1) -> A | I38: =RIGHT(F38,1) -> A | J38: =G38&H38 -> BA | K38: =G38&I38 -> BA | L38: =H38&I38 -> AA | M38: 24.18 | R38: 07 | S38: =SUMIFS($M$3:$M$290,$E$3:$E$290,R24) -> 581.03 | T38: =S38^2 -> 337595.86 | U38: 24
B39: 02 | C39: 01 | D39: =B39&C39 -> 0201 | E39: 05 | F39: =VLOOKUP(E39,'Base Original'!$B$4:$C$16,2,0) -> BBA | G39: =LEFT(F39,1) -> B | H39: =MID(F39,2,1) -> B | I39: =RIGHT(F39,1) -> A | J39: =G39&H39 -> BB | K39: =G39&I39 -> BA | L39: =H39&I39 -> BA | M39: 23.46 | R39: 08 | S39: =SUMIFS($M$3:$M$290,$E$3:$E$290,R25) -> 568.07 | T39: =S39^2 -> 322703.52 | U39: 24
B40: 02 | C40: 02 | D40: =B40&C40 -> 0202 | E40: 11 | F40: =VLOOKUP(E40,'Base Original'!$B$4:$C$16,2,0) -> BAB | G40: =LEFT(F40,1) -> B | H40: =MID(F40,2,1) -> A | I40: =RIGHT(F40,1) -> B | J40: =G40&H40 -> BA | K40: =G40&I40 -> BB | L40: =H40&I40 -> AB | M40: 23.7 | R40: 09 | S40: =SUMIFS($M$3:$M$290,$E$3:$E$290,R26) -> 586.78 | T40: =S40^2 -> 344310.77 | U40: 24
B41: 02 | C41: 03 | D41: =B41&C41 -> 0203 | E41: 03 | F41: =VLOOKUP(E41,'Base Original'!$B$4:$C$16,2,0) -> CAA | G41: =LEFT(F41,1) -> C | H41: =MID(F41,2,1) -> A | I41: =RIGHT(F41,1) -> A | J41: =G41&H41 -> CA | K41: =G41&I41 -> CA | L41: =H41&I41 -> AA | M41: 24.14 | R41: 10 | S41: =SUMIFS($M$3:$M$290,$E$3:$E$290,R27) -> 566.62 | T41: =S41^2 -> 321058.22 | U41: 24
B42: 02 | C42: 04 | D42: =B42&C42 -> 0204 | E42: 04 | F42: =VLOOKUP(E42,'Base Original'!$B$4:$C$16,2,0) -> ABA | G42: =LEFT(F42,1) -> A | H42: =MID(F42,2,1) -> B | I42: =RIGHT(F42,1) -> A | J42: =G42&H42 -> AB | K42: =G42&I42 -> AA | L42: =H42&I42 -> BA | M42: 24.18 | R42: 11 | S42: =SUMIFS($M$3:$M$290,$E$3:$E$290,R28) -> 577.87 | T42: =S42^2 -> 333933.74 | U42: 24
B43: 02 | C43: 05 | D43: =B43&C43 -> 0205 | E43: 10 | F43: =VLOOKUP(E43,'Base Original'!$B$4:$C$16,2,0) -> AAB | G43: =LEFT(F43,1) -> A | H43: =MID(F43,2,1) -> A | I43: =RIGHT(F43,1) -> B | J43: =G43&H43 -> AA | K43: =G43&I43 -> AB | L43: =H43&I43 -> AB | M43: 24.04 | R43: 12 | S43: =SUMIFS($M$3:$M$290,$E$3:$E$290,R29) -> 576.6 | T43: =S43^2 -> 332467.56 | U43: 24
B44: 02 | C44: 06 | D44: =B44&C44 -> 0206 | E44: 06 | F44: =VLOOKUP(E44,'Base Original'!$B$4:$C$16,2,0) -> CBA | G44: =LEFT(F44,1) -> C | H44: =MID(F44,2,1) -> B | I44: =RIGHT(F44,1) -> A | J44: =G44&H44 -> CB | K44: =G44&I44 -> CA | L44: =H44&I44 -> BA | M44: 24.84
B45: 02 | C45: 07 | D45: =B45&C45 -> 0207 | E45: 01 | F45: =VLOOKUP(E45,'Base Original'!$B$4:$C$16,2,0) -> AAA | G45: =LEFT(F45,1) -> A | H45: =MID(F45,2,1) -> A | I45: =RIGHT(F45,1) -> A | J45: =G45&H45 -> AA | K45: =G45&I45 -> AA | L45: =H45&I45 -> AA | M45: 26.07 | R45: Solado | S45: Total | T45: Total^2 | U45: n
B46: 02 | C46: 08 | D46: =B46&C46 -> 0208 | E46: 07 | F46: =VLOOKUP(E46,'Base Original'!$B$4:$C$16,2,0) -> ABB | G46: =LEFT(F46,1) -> A | H46: =MID(F46,2,1) -> B | I46: =RIGHT(F46,1) -> B | J46: =G46&H46 -> AB | K46: =G46&I46 -> AB | L46: =H46&I46 -> BB | M46: 24.68 | R46: A | S46: =SUMIFS($M$3:$M$290,$G$3:$G$290,R46) -> 2344.42 | T46: =S46^2 -> 5496305.1 | U46: =COUNTIF($G$3:$G$290,R46) -> 96
B47: 02 | C47: 09 | D47: =B47&C47 -> 0209 | E47: 12 | F47: =VLOOKUP(E47,'Base Original'!$B$4:$C$16,2,0) -> CAB | G47: =LEFT(F47,1) -> C | H47: =MID(F47,2,1) -> A | I47: =RIGHT(F47,1) -> B | J47: =G47&H47 -> CA | K47: =G47&I47 -> CB | L47: =H47&I47 -> AB | M47: 25.64 | R47: B | S47: =SUMIFS($M$3:$M$290,$G$3:$G$290,R47) -> 2318.42 | T47: =S47^2 -> 5375071.3 | U47: =COUNTIF($G$3:$G$290,R47) -> 96
B48: 02 | C48: 10 | D48: =B48&C48 -> 0210 | E48: 08 | F48: =VLOOKUP(E48,'Base Original'!$B$4:$C$16,2,0) -> BBB | G48: =LEFT(F48,1) -> B | H48: =MID(F48,2,1) -> B | I48: =RIGHT(F48,1) -> B | J48: =G48&H48 -> BB | K48: =G48&I48 -> BB | L48: =H48&I48 -> BB | M48: 25.57 | R48: C | S48: =SUMIFS($M$3:$M$290,$G$3:$G$290,R48) -> 2321.25 | T48: =S48^2 -> 5388201.6 | U48: =COUNTIF($G$3:$G$290,R48) -> 96
B49: 02 | C49: 11 | D49: =B49&C49 -> 0211 | E49: 09 | F49: =VLOOKUP(E49,'Base Original'!$B$4:$C$16,2,0) -> CBB | G49: =LEFT(F49,1) -> C | H49: =MID(F49,2,1) -> B | I49: =RIGHT(F49,1) -> B | J49: =G49&H49 -> CB | K49: =G49&I49 -> CB | L49: =H49&I49 -> BB | M49: 25.79
B50: 02 | C50: 12 | D50: =B50&C50 -> 0212 | E50: 02 | F50: =VLOOKUP(E50,'Base Original'!$B$4:$C$16,2,0) -> BAA | G50: =LEFT(F50,1) -> B | H50: =MID(F50,2,1) -> A | I50: =RIGHT(F50,1) -> A | J50: =G50&H50 -> BA | K50: =G50&I50 -> BA | L50: =H50&I50 -> AA | M50: 24.24 | R50: Firmeza | S50: Total | T50: Total^2 | U50: n
B51: 03 | C51: 01 | D51: =B51&C51 -> 0301 | E51: 09 | F51: =VLOOKUP(E51,'Base Original'!$B$4:$C$16,2,0) -> CBB | G51: =LEFT(F51,1) -> C | H51: =MID(F51,2,1) -> B | I51: =RIGHT(F51,1) -> B | J51: =G51&H51 -> CB | K51: =G51&I51 -> CB | L51: =H51&I51 -> BB | M51: 23.99 | R51: A | S51: =SUMIFS($M$3:$M$290,$H$3:$H$290,R51) -> 3479.24 | T51: =S51^2 -> 12105111 | U51: =COUNTIF($H$3:$H$290,R51) -> 144
B52: 03 | C52: 02 | D52: =B52&C52 -> 0302 | E52: 12 | F52: =VLOOKUP(E52,'Base Original'!$B$4:$C$16,2,0) -> CAB | G52: =LEFT(F52,1) -> C | H52: =MID(F52,2,1) -> A | I52: =RIGHT(F52,1) -> B | J52: =G52&H52 -> CA | K52: =G52&I52 -> CB | L52: =H52&I52 -> AB | M52: 23.39 | R52: B | S52: =SUMIFS($M$3:$M$290,$H$3:$H$290,R52) -> 3504.85 | T52: =S52^2 -> 12283974 | U52: =COUNTIF($H$3:$H$290,R52) -> 144
B53: 03 | C53: 03 | D53: =B53&C53 -> 0303 | E53: 01 | F53: =VLOOKUP(E53,'Base Original'!$B$4:$C$16,2,0) -> AAA | G53: =LEFT(F53,1) -> A | H53: =MID(F53,2,1) -> A | I53: =RIGHT(F53,1) -> A | J53: =G53&H53 -> AA | K53: =G53&I53 -> AA | L53: =H53&I53 -> AA | M53: 24.71
B54: 03 | C54: 04 | D54: =B54&C54 -> 0304 | E54: 05 | F54: =VLOOKUP(E54,'Base Original'!$B$4:$C$16,2,0) -> BBA | G54: =LEFT(F54,1) -> B | H54: =MID(F54,2,1) -> B | I54: =RIGHT(F54,1) -> A | J54: =G54&H54 -> BB | K54: =G54&I54 -> BA | L54: =H54&I54 -> BA | M54: 23.47 | R54: Cadarço | S54: Total | T54: Total^2 | U54: n
B55: 03 | C55: 05 | D55: =B55&C55 -> 0305 | E55: 08 | F55: =VLOOKUP(E55,'Base Original'!$B$4:$C$16,2,0) -> BBB | G55: =LEFT(F55,1) -> B | H55: =MID(F55,2,1) -> B | I55: =RIGHT(F55,1) -> B | J55: =G55&H55 -> BB | K55: =G55&I55 -> BB | L55: =H55&I55 -> BB | M55: 23.77 | R55: A | S55: =SUMIFS($M$3:$M$290,$I$3:$I$290,R55) -> 3527.12 | T55: =S55^2 -> 12440575 | U55: =COUNTIF($I$3:$I$290,R55) -> 144
B56: 03 | C56: 06 | D56: =B56&C56 -> 0306 | E56: 03 | F56: =VLOOKUP(E56,'Base Original'!$B$4:$C$16,2,0) -> CAA | G56: =LEFT(F56,1) -> C | H56: =MID(F56,2,1) -> A | I56: =RIGHT(F56,1) -> A | J56: =G56&H56 -> CA | K56: =G56&I56 -> CA | L56: =H56&I56 -> AA | M56: 24.18 | R56: B | S56: =SUMIFS($M$3:$M$290,$I$3:$I$290,R56) -> 3456.97 | T56: =S56^2 -> 11950642 | U56: =COUNTIF($I$3:$I$290,R56) -> 144
B57: 03 | C57: 07 | D57: =B57&C57 -> 0307 | E57: 11 | F57: =VLOOKUP(E57,'Base Original'!$B$4:$C$16,2,0) -> BAB | G57: =LEFT(F57,1) -> B | H57: =MID(F57,2,1) -> A | I57: =RIGHT(F57,1) -> B | J57: =G57&H57 -> BA | K57: =G57&I57 -> BB | L57: =H57&I57 -> AB | M57: 24.04
B58: 03 | C58: 08 | D58: =B58&C58 -> 0308 | E58: 02 | F58: =VLOOKUP(E58,'Base Original'!$B$4:$C$16,2,0) -> BAA | G58: =LEFT(F58,1) -> B | H58: =MID(F58,2,1) -> A | I58: =RIGHT(F58,1) -> A | J58: =G58&H58 -> BA | K58: =G58&I58 -> BA | L58: =H58&I58 -> AA | M58: 23.8 | R58: (Sol,Fir) | S58: Total | T58: Total^2 | U58: n
B59: 03 | C59: 09 | D59: =B59&C59 -> 0309 | E59: 07 | F59: =VLOOKUP(E59,'Base Original'!$B$4:$C$16,2,0) -> ABB | G59: =LEFT(F59,1) -> A | H59: =MID(F59,2,1) -> B | I59: =RIGHT(F59,1) -> B | J59: =G59&H59 -> AB | K59: =G59&I59 -> AB | L59: =H59&I59 -> BB | M59: 24.4 | R59: AA | S59: =SUMIFS($M$3:$M$290,$J$3:$J$290,$R59) -> 1166 | T59: =S59^2 -> 1359556 | U59: =COUNTIF($J$3:$J$290,R59) -> 48
B60: 03 | C60: 10 | D60: =B60&C60 -> 0310 | E60: 04 | F60: =VLOOKUP(E60,'Base Original'!$B$4:$C$16,2,0) -> ABA | G60: =LEFT(F60,1) -> A | H60: =MID(F60,2,1) -> B | I60: =RIGHT(F60,1) -> A | J60: =G60&H60 -> AB | K60: =G60&I60 -> AA | L60: =H60&I60 -> BA | M60: 25.51 | R60: AB | S60: =SUMIFS($M$3:$M$290,$J$3:$J$290,$R60) -> 1178.42 | T60: =S60^2 -> 1388673.7 | U60: =COUNTIF($J$3:$J$290,R60) -> 48
B61: 03 | C61: 11 | D61: =B61&C61 -> 0311 | E61: 06 | F61: =VLOOKUP(E61,'Base Original'!$B$4:$C$16,2,0) -> CBA | G61: =LEFT(F61,1) -> C | H61: =MID(F61,2,1) -> B | I61: =RIGHT(F61,1) -> A | J61: =G61&H61 -> CB | K61: =G61&I61 -> CA | L61: =H61&I61 -> BA | M61: 24.14 | R61: CB | S61: =SUMIFS($M$3:$M$290,$J$3:$J$290,$R61) -> 1173.61 | T61: =S61^2 -> 1377360.4 | U61: =COUNTIF($J$3:$J$290,R61) -> 48
B62: 03 | C62: 12 | D62: =B62&C62 -> 0312 | E62: 10 | F62: =VLOOKUP(E62,'Base Original'!$B$4:$C$16,2,0) -> AAB | G62: =LEFT(F62,1) -> A | H62: =MID(F62,2,1) -> A | I62: =RIGHT(F62,1) -> B | J62: =G62&H62 -> AA | K62: =G62&I62 -> AB | L62: =H62&I62 -> AB | M62: 24.12 | R62: CA | S62: =SUMIFS($M$3:$M$290,$J$3:$J$290,$R62) -> 1147.64 | T62: =S62^2 -> 1317077.6 | U62: =COUNTIF($J$3:$J$290,R62) -> 48
B63: 03 | C63: 01 | D63: =B63&C63 -> 0301 | E63: 09 | F63: =VLOOKUP(E63,'Base Original'!$B$4:$C$16,2,0) -> CBB | G63: =LEFT(F63,1) -> C | H63: =MID(F63,2,1) -> B | I63: =RIGHT(F63,1) -> B | J63: =G63&H63 -> CB | K63: =G63&I63 -> CB | L63: =H63&I63 -> BB | M63: 23.98 | R63: BB | S63: =SUMIFS($M$3:$M$290,$J$3:$J$290,$R63) -> 1152.82 | T63: =S63^2 -> 1328994 | U63: =COUNTIF($J$3:$J$290,R63) -> 48
B64: 03 | C64: 02 | D64: =B64&C64 -> 0302 | E64: 12 | F64: =VLOOKUP(E64,'Base Original'!$B$4:$C$16,2,0) -> CAB | G64: =LEFT(F64,1) -> C | H64: =MID(F64,2,1) -> A | I64: =RIGHT(F64,1) -> B | J64: =G64&H64 -> CA | K64: =G64&I64 -> CB | L64: =H64&I64 -> AB | M64: 24.28 | R64: BA | S64: =SUMIFS($M$3:$M$290,$J$3:$J$290,$R64) -> 1165.6 | T64: =S64^2 -> 1358623.4 | U64: =COUNTIF($J$3:$J$290,R64) -> 48
B65: 03 | C65: 03 | D65: =B65&C65 -> 0303 | E65: 01 | F65: =VLOOKUP(E65,'Base Original'!$B$4:$C$16,2,0) -> AAA | G65: =LEFT(F65,1) -> A | H65: =MID(F65,2,1) -> A | I65: =RIGHT(F65,1) -> A | J65: =G65&H65 -> AA | K65: =G65&I65 -> AA | L65: =H65&I65 -> AA | M65: 26.14
B66: 03 | C66: 04 | D66: =B66&C66 -> 0304 | E66: 05 | F66: =VLOOKUP(E66,'Base Original'!$B$4:$C$16,2,0) -> BBA | G66: =LEFT(F66,1) -> B | H66: =MID(F66,2,1) -> B | I66: =RIGHT(F66,1) -> A | J66: =G66&H66 -> BB | K66: =G66&I66 -> BA | L66: =H66&I66 -> BA | M66: 24.08 | R66: (Sol,cad) | S66: Total | T66: Total^2 | U66: n
B67: 03 | C67: 05 | D67: =B67&C67 -> 0305 | E67: 08 | F67: =VLOOKUP(E67,'Base Original'!$B$4:$C$16,2,0) -> BBB | G67: =LEFT(F67,1) -> B | H67: =MID(F67,2,1) -> B | I67: =RIGHT(F67,1) -> B | J67: =G67&H67 -> BB | K67: =G67&I67 -> BB | L67: =H67&I67 -> BB | M67: 22.77 | R67: AA | S67: =SUMIFS($M$3:$M$290,$K$3:$K$290,$R67) -> 1196.77 | T67: =S67^2 -> 1432258.4 | U67: =COUNTIF($K$3:$K$290,R67) -> 48
B68: 03 | C68: 06 | D68: =B68&C68 -> 0306 | E68: 03 | F68: =VLOOKUP(E68,'Base Original'!$B$4:$C$16,2,0) -> CAA | G68: =LEFT(F68,1) -> C | H68: =MID(F68,2,1) -> A | I68: =RIGHT(F68,1) -> A | J68: =G68&H68 -> CA | K68: =G68&I68 -> CA | L68: =H68&I68 -> AA | M68: 23.58 | R68: AB | S68: =SUMIFS($M$3:$M$290,$K$3:$K$290,$R68) -> 1147.65 | T68: =S68^2 -> 1317100.5 | U68: =COUNTIF($K$3:$K$290,R68) -> 48
B69: 03 | C69: 07 | D69: =B69&C69 -> 0307 | E69: 11 | F69: =VLOOKUP(E69,'Base Original'!$B$4:$C$16,2,0) -> BAB | G69: =LEFT(F69,1) -> B | H69: =MID(F69,2,1) -> A | I69: =RIGHT(F69,1) -> B | J69: =G69&H69 -> BA | K69: =G69&I69 -> BB | L69: =H69&I69 -> AB | M69: 25.28 | R69: CB | S69: =SUMIFS($M$3:$M$290,$K$3:$K$290,$R69) -> 1163.38 | T69: =S69^2 -> 1353453 | U69: =COUNTIF($K$3:$K$290,R69) -> 48
B70: 03 | C70: 08 | D70: =B70&C70 -> 0308 | E70: 02 | F70: =VLOOKUP(E70,'Base Original'!$B$4:$C$16,2,0) -> BAA | G70: =LEFT(F70,1) -> B | H70: =MID(F70,2,1) -> A | I70: =RIGHT(F70,1) -> A | J70: =G70&H70 -> BA | K70: =G70&I70 -> BA | L70: =H70&I70 -> AA | M70: 23.34 | R70: CA | S70: =SUMIFS($M$3:$M$290,$K$3:$K$290,$R70) -> 1157.87 | T70: =S70^2 -> 1340662.9 | U70: =COUNTIF($K$3:$K$290,R70) -> 48
B71: 03 | C71: 09 | D71: =B71&C71 -> 0309 | E71: 07 | F71: =VLOOKUP(E71,'Base Original'!$B$4:$C$16,2,0) -> ABB | G71: =LEFT(F71,1) -> A | H71: =MID(F71,2,1) -> B | I71: =RIGHT(F71,1) -> B | J71: =G71&H71 -> AB | K71: =G71&I71 -> AB | L71: =H71&I71 -> BB | M71: 23.55 | R71: BB | S71: =SUMIFS($M$3:$M$290,$K$3:$K$290,$R71) -> 1145.94 | T71: =S71^2 -> 1313178.5 | U71: =COUNTIF($K$3:$K$290,R71) -> 48
B72: 03 | C72: 10 | D72: =B72&C72 -> 0310 | E72: 04 | F72: =VLOOKUP(E72,'Base Original'!$B$4:$C$16,2,0) -> ABA | G72: =LEFT(F72,1) -> A | H72: =MID(F72,2,1) -> B | I72: =RIGHT(F72,1) -> A | J72: =G72&H72 -> AB | K72: =G72&I72 -> AA | L72: =H72&I72 -> BA | M72: 25.01 | R72: BA | S72: =SUMIFS($M$3:$M$290,$K$3:$K$290,$R72) -> 1172.48 | T72: =S72^2 -> 1374709.4 | U72: =COUNTIF($K$3:$K$290,R72) -> 48
B73: 03 | C73: 11 | D73: =B73&C73 -> 0311 | E73: 06 | F73: =VLOOKUP(E73,'Base Original'!$B$4:$C$16,2,0) -> CBA | G73: =LEFT(F73,1) -> C | H73: =MID(F73,2,1) -> B | I73: =RIGHT(F73,1) -> A | J73: =G73&H73 -> CB | K73: =G73&I73 -> CA | L73: =H73&I73 -> BA | M73: 25.05
B74: 03 | C74: 12 | D74: =B74&C74 -> 0312 | E74: 10 | F74: =VLOOKUP(E74,'Base Original'!$B$4:$C$16,2,0) -> AAB | G74: =LEFT(F74,1) -> A | H74: =MID(F74,2,1) -> A | I74: =RIGHT(F74,1) -> B | J74: =G74&H74 -> AA | K74: =G74&I74 -> AB | L74: =H74&I74 -> AB | M74: 24.06 | R74: (Fir,Cad) | S74: Total | T74: Total^2 | U74: n
B75: 04 | C75: 01 | D75: =B75&C75 -> 0401 | E75: 03 | F75: =VLOOKUP(E75,'Base Original'!$B$4:$C$16,2,0) -> CAA | G75: =LEFT(F75,1) -> C | H75: =MID(F75,2,1) -> A | I75: =RIGHT(F75,1) -> A | J75: =G75&H75 -> CA | K75: =G75&I75 -> CA | L75: =H75&I75 -> AA | M75: 23.67 | R75: AA | S75: =SUMIFS($M$3:$M$290,$L$3:$L$290,$R75) -> 1758.15 | T75: =S75^2 -> 3091091.4 | U75: =COUNTIF($L$3:$L$290,R75) -> 72
B76: 04 | C76: 02 | D76: =B76&C76 -> 0402 | E76: 09 | F76: =VLOOKUP(E76,'Base Original'!$B$4:$C$16,2,0) -> CBB | G76: =LEFT(F76,1) -> C | H76: =MID(F76,2,1) -> B | I76: =RIGHT(F76,1) -> B | J76: =G76&H76 -> CB | K76: =G76&I76 -> CB | L76: =H76&I76 -> BB | M76: 23.43 | R76: AB | S76: =SUMIFS($M$3:$M$290,$L$3:$L$290,$R76) -> 1721.09 | T76: =S76^2 -> 2962150.8 | U76: =COUNTIF($L$3:$L$290,R76) -> 72
B77: 04 | C77: 03 | D77: =B77&C77 -> 0403 | E77: 11 | F77: =VLOOKUP(E77,'Base Original'!$B$4:$C$16,2,0) -> BAB | G77: =LEFT(F77,1) -> B | H77: =MID(F77,2,1) -> A | I77: =RIGHT(F77,1) -> B | J77: =G77&H77 -> BA | K77: =G77&I77 -> BB | L77: =H77&I77 -> AB | M77: 22.85 | R77: BA | S77: =SUMIFS($M$3:$M$290,$L$3:$L$290,$R77) -> 1768.97 | T77: =S77^2 -> 3129254.9 | U77: =COUNTIF($L$3:$L$290,R77) -> 72
B78: 04 | C78: 04 | D78: =B78&C78 -> 0404 | E78: 07 | F78: =VLOOKUP(E78,'Base Original'!$B$4:$C$16,2,0) -> ABB | G78: =LEFT(F78,1) -> A | H78: =MID(F78,2,1) -> B | I78: =RIGHT(F78,1) -> B | J78: =G78&H78 -> AB | K78: =G78&I78 -> AB | L78: =H78&I78 -> BB | M78: 24 | R78: BB | S78: =SUMIFS($M$3:$M$290,$L$3:$L$290,$R78) -> 1735.88 | T78: =S78^2 -> 3013279.4 | U78: =COUNTIF($L$3:$L$290,R78) -> 72
B79: 04 | C79: 05 | D79: =B79&C79 -> 0405 | E79: 05 | F79: =VLOOKUP(E79,'Base Original'!$B$4:$C$16,2,0) -> BBA | G79: =LEFT(F79,1) -> B | H79: =MID(F79,2,1) -> B | I79: =RIGHT(F79,1) -> A | J79: =G79&H79 -> BB | K79: =G79&I79 -> BA | L79: =H79&I79 -> BA | M79: 23.31
B80: 04 | C80: 06 | D80: =B80&C80 -> 0406 | E80: 01 | F80: =VLOOKUP(E80,'Base Original'!$B$4:$C$16,2,0) -> AAA | G80: =LEFT(F80,1) -> A | H80: =MID(F80,2,1) -> A | I80: =RIGHT(F80,1) -> A | J80: =G80&H80 -> AA | K80: =G80&I80 -> AA | L80: =H80&I80 -> AA | M80: 25.24 | R80: (Sol,Fir,Cad) | S80: Total | T80: Total^2 | U80: n
B81: 04 | C81: 07 | D81: =B81&C81 -> 0407 | E81: 08 | F81: =VLOOKUP(E81,'Base Original'!$B$4:$C$16,2,0) -> BBB | G81: =LEFT(F81,1) -> B | H81: =MID(F81,2,1) -> B | I81: =RIGHT(F81,1) -> B | J81: =G81&H81 -> BB | K81: =G81&I81 -> BB | L81: =H81&I81 -> BB | M81: 23.56 | R81: AAB | S81: =SUMIFS($M$3:$M$290,$F$3:$F$290,$R81) -> 566.62 | T81: =S81^2 -> 321058.22 | U81: =COUNTIF($F$3:$F$290,R81) -> 24
B82: 04 | C82: 08 | D82: =B82&C82 -> 0408 | E82: 10 | F82: =VLOOKUP(E82,'Base Original'!$B$4:$C$16,2,0) -> AAB | G82: =LEFT(F82,1) -> A | H82: =MID(F82,2,1) -> A | I82: =RIGHT(F82,1) -> B | J82: =G82&H82 -> AA | K82: =G82&I82 -> AB | L82: =H82&I82 -> AB | M82: 24.92 | R82: ABB | S82: =SUMIFS($M$3:$M$290,$F$3:$F$290,$R82) -> 581.03 | T82: =S82^2 -> 337595.86 | U82: =COUNTIF($F$3:$F$290,R82) -> 24
B83: 04 | C83: 09 | D83: =B83&C83 -> 0409 | E83: 04 | F83: =VLOOKUP(E83,'Base Original'!$B$4:$C$16,2,0) -> ABA | G83: =LEFT(F83,1) -> A | H83: =MID(F83,2,1) -> B | I83: =RIGHT(F83,1) -> A | J83: =G83&H83 -> AB | K83: =G83&I83 -> AA | L83: =H83&I83 -> BA | M83: 26.51 | R83: CBA | S83: =SUMIFS($M$3:$M$290,$F$3:$F$290,$R83) -> 586.83 | T83: =S83^2 -> 344369.45 | U83: =COUNTIF($F$3:$F$290,R83) -> 24
B84: 04 | C84: 10 | D84: =B84&C84 -> 0410 | E84: 06 | F84: =VLOOKUP(E84,'Base Original'!$B$4:$C$16,2,0) -> CBA | G84: =LEFT(F84,1) -> C | H84: =MID(F84,2,1) -> B | I84: =RIGHT(F84,1) -> A | J84: =G84&H84 -> CB | K84: =G84&I84 -> CA | L84: =H84&I84 -> BA | M84: 24.5 | R84: CBB | S84: =SUMIFS($M$3:$M$290,$F$3:$F$290,$R84) -> 586.78 | T84: =S84^2 -> 344310.77 | U84: =COUNTIF($F$3:$F$290,R84) -> 24
B85: 04 | C85: 11 | D85: =B85&C85 -> 0411 | E85: 02 | F85: =VLOOKUP(E85,'Base Original'!$B$4:$C$16,2,0) -> BAA | G85: =LEFT(F85,1) -> B | H85: =MID(F85,2,1) -> A | I85: =RIGHT(F85,1) -> A | J85: =G85&H85 -> BA | K85: =G85&I85 -> BA | L85: =H85&I85 -> AA | M85: 25.94 | R85: CAA | S85: =SUMIFS($M$3:$M$290,$F$3:$F$290,$R85) -> 571.04 | T85: =S85^2 -> 326086.68 | U85: =COUNTIF($F$3:$F$290,R85) -> 24
B86: 04 | C86: 12 | D86: =B86&C86 -> 0412 | E86: 12 | F86: =VLOOKUP(E86,'Base Original'!$B$4:$C$16,2,0) -> CAB | G86: =LEFT(F86,1) -> C | H86: =MID(F86,2,1) -> A | I86: =RIGHT(F86,1) -> B | J86: =G86&H86 -> CA | K86: =G86&I86 -> CB | L86: =H86&I86 -> AB | M86: 24.08 | R86: ABA | S86: =SUMIFS($M$3:$M$290,$F$3:$F$290,$R86) -> 597.39 | T86: =S86^2 -> 356874.81 | U86: =COUNTIF($F$3:$F$290,R86) -> 24
B87: 04 | C87: 01 | D87: =B87&C87 -> 0401 | E87: 03 | F87: =VLOOKUP(E87,'Base Original'!$B$4:$C$16,2,0) -> CAA | G87: =LEFT(F87,1) -> C | H87: =MID(F87,2,1) -> A | I87: =RIGHT(F87,1) -> A | J87: =G87&H87 -> CA | K87: =G87&I87 -> CA | L87: =H87&I87 -> AA | M87: 24.59 | R87: CAB | S87: =SUMIFS($M$3:$M$290,$F$3:$F$290,$R87) -> 576.6 | T87: =S87^2 -> 332467.56 | U87: =COUNTIF($F$3:$F$290,R87) -> 24
B88: 04 | C88: 02 | D88: =B88&C88 -> 0402 | E88: 09 | F88: =VLOOKUP(E88,'Base Original'!$B$4:$C$16,2,0) -> CBB | G88: =LEFT(F88,1) -> C | H88: =MID(F88,2,1) -> B | I88: =RIGHT(F88,1) -> B | J88: =G88&H88 -> CB | K88: =G88&I88 -> CB | L88: =H88&I88 -> BB | M88: 24.04 | R88: BBA | S88: =SUMIFS($M$3:$M$290,$F$3:$F$290,$R88) -> 584.75 | T88: =S88^2 -> 341932.56 | U88: =COUNTIF($F$3:$F$290,R88) -> 24
B89: 04 | C89: 03 | D89: =B89&C89 -> 0403 | E89: 11 | F89: =VLOOKUP(E89,'Base Original'!$B$4:$C$16,2,0) -> BAB | G89: =LEFT(F89,1) -> B | H89: =MID(F89,2,1) -> A | I89: =RIGHT(F89,1) -> B | J89: =G89&H89 -> BA | K89: =G89&I89 -> BB | L89: =H89&I89 -> AB | M89: 23.42 | R89: BBB | S89: =SUMIFS($M$3:$M$290,$F$3:$F$290,$R89) -> 568.07 | T89: =S89^2 -> 322703.52 | U89: =COUNTIF($F$3:$F$290,R89) -> 24
B90: 04 | C90: 04 | D90: =B90&C90 -> 0404 | E90: 07 | F90: =VLOOKUP(E90,'Base Original'!$B$4:$C$16,2,0) -> ABB | G90: =LEFT(F90,1) -> A | H90: =MID(F90,2,1) -> B | I90: =RIGHT(F90,1) -> B | J90: =G90&H90 -> AB | K90: =G90&I90 -> AB | L90: =H90&I90 -> BB | M90: 23.33 | R90: BAA | S90: =SUMIFS($M$3:$M$290,$F$3:$F$290,$R90) -> 587.73 | T90: =S90^2 -> 345426.55 | U90: =COUNTIF($F$3:$F$290,R90) -> 24
B91: 04 | C91: 05 | D91: =B91&C91 -> 0405 | E91: 05 | F91: =VLOOKUP(E91,'Base Original'!$B$4:$C$16,2,0) -> BBA | G91: =LEFT(F91,1) -> B | H91: =MID(F91,2,1) -> B | I91: =RIGHT(F91,1) -> A | J91: =G91&H91 -> BB | K91: =G91&I91 -> BA | L91: =H91&I91 -> BA | M91: 24.37 | R91: AAA | S91: =SUMIFS($M$3:$M$290,$F$3:$F$290,$R91) -> 599.38 | T91: =S91^2 -> 359256.38 | U91: =COUNTIF($F$3:$F$290,R91) -> 24
B92: 04 | C92: 06 | D92: =B92&C92 -> 0406 | E92: 01 | F92: =VLOOKUP(E92,'Base Original'!$B$4:$C$16,2,0) -> AAA | G92: =LEFT(F92,1) -> A | H92: =MID(F92,2,1) -> A | I92: =RIGHT(F92,1) -> A | J92: =G92&H92 -> AA | K92: =G92&I92 -> AA | L92: =H92&I92 -> AA | M92: 24.16 | R92: BAB | S92: =SUMIFS($M$3:$M$290,$F$3:$F$290,$R92) -> 577.87 | T92: =S92^2 -> 333933.74 | U92: =COUNTIF($F$3:$F$290,R92) -> 24
B93: 04 | C93: 07 | D93: =B93&C93 -> 0407 | E93: 08 | F93: =VLOOKUP(E93,'Base Original'!$B$4:$C$16,2,0) -> BBB | G93: =LEFT(F93,1) -> B | H93: =MID(F93,2,1) -> B | I93: =RIGHT(F93,1) -> B | J93: =G93&H93 -> BB | K93: =G93&I93 -> BB | L93: =H93&I93 -> BB | M93: 23.61
B94: 04 | C94: 08 | D94: =B94&C94 -> 0408 | E94: 10 | F94: =VLOOKUP(E94,'Base Original'!$B$4:$C$16,2,0) -> AAB | G94: =LEFT(F94,1) -> A | H94: =MID(F94,2,1) -> A | I94: =RIGHT(F94,1) -> B | J94: =G94&H94 -> AA | K94: =G94&I94 -> AB | L94: =H94&I94 -> AB | M94: 23.4 | R94: tot(dist p media global ao quadrado)
B95: 04 | C95: 09 | D95: =B95&C95 -> 0409 | E95: 04 | F95: =VLOOKUP(E95,'Base Original'!$B$4:$C$16,2,0) -> ABA | G95: =LEFT(F95,1) -> A | H95: =MID(F95,2,1) -> B | I95: =RIGHT(F95,1) -> A | J95: =G95&H95 -> AB | K95: =G95&I95 -> AA | L95: =H95&I95 -> BA | M95: 25.25 | R95: =(M3-AVERAGE($M$3:$M$290))^2 -> 2.4973876
B96: 04 | C96: 10 | D96: =B96&C96 -> 0410 | E96: 06 | F96: =VLOOKUP(E96,'Base Original'!$B$4:$C$16,2,0) -> CBA | G96: =LEFT(F96,1) -> C | H96: =MID(F96,2,1) -> B | I96: =RIGHT(F96,1) -> A | J96: =G96&H96 -> CB | K96: =G96&I96 -> CA | L96: =H96&I96 -> BA | M96: 24.71 | R96: =(M4-AVERAGE($M$3:$M$290))^2 -> 0.2707251
B97: 04 | C97: 11 | D97: =B97&C97 -> 0411 | E97: 02 | F97: =VLOOKUP(E97,'Base Original'!$B$4:$C$16,2,0) -> BAA | G97: =LEFT(F97,1) -> B | H97: =MID(F97,2,1) -> A | I97: =RIGHT(F97,1) -> A | J97: =G97&H97 -> BA | K97: =G97&I97 -> BA | L97: =H97&I97 -> AA | M97: 24.58 | R97: =(M5-AVERAGE($M$3:$M$290))^2 -> 0.052756348
B98: 04 | C98: 12 | D98: =B98&C98 -> 0412 | E98: 12 | F98: =VLOOKUP(E98,'Base Original'!$B$4:$C$16,2,0) -> CAB | G98: =LEFT(F98,1) -> C | H98: =MID(F98,2,1) -> A | I98: =RIGHT(F98,1) -> B | J98: =G98&H98 -> CA | K98: =G98&I98 -> CB | L98: =H98&I98 -> AB | M98: 25.75 | R98: =(M6-AVERAGE($M$3:$M$290))^2 -> 2.0440063
B99: 05 | C99: 01 | D99: =B99&C99 -> 0501 | E99: 02 | F99: =VLOOKUP(E99,'Base Original'!$B$4:$C$16,2,0) -> BAA | G99: =LEFT(F99,1) -> B | H99: =MID(F99,2,1) -> A | I99: =RIGHT(F99,1) -> A | J99: =G99&H99 -> BA | K99: =G99&I99 -> BA | L99: =H99&I99 -> AA | M99: 24.57 | R99: =(M7-AVERAGE($M$3:$M$290))^2 -> 1.0822501
B100: 05 | C100: 02 | D100: =B100&C100 -> 0502 | E100: 10 | F100: =VLOOKUP(E100,'Base Original'!$B$4:$C$16,2,0) -> AAB | G100: =LEFT(F100,1) -> A | H100: =MID(F100,2,1) -> A | I100: =RIGHT(F100,1) -> B | J100: =G100&H100 -> AA | K100: =G100&I100 -> AB | L100: =H100&I100 -> AB | M100: 24.55 | R100: =(M8-AVERAGE($M$3:$M$290))^2 -> 2.9230313
...
